rsID	GEN	Funktion
rs10156191	DAO	Histaminabbau (Darm)
rs1049742	DAO	Histaminabbau (Darm)
rs2052129	DAO	Histaminabbau (Darm)
rs1050891	HNMT	Histaminabbau (intrazellulär)
rs11558538	HNMT	Histaminabbau (intrazellulär)
rs1800925	IL13	Zytokinsignal / Allergie-Neigung
rs2243250	IL4	Zytokin / IgE-Steuerung
rs2251746	FCER1A	IgE-Rezeptor / Allergieneigung
rs4680	COMT	Neurotransmitter / Stressverarbeitung
rs6323	MAO-A	Monoaminoxidase / Reizverarbeitung
rs1800544	ADRA2A	Noradrenalin-Rezeptor / Reizverarbeitung
rs2228570	VDR	Vitamin D-Rezeptor / Immunmodulation
rs1695	GSTP1	Entgiftung / Phase II
rs4880	SOD2	Mitochondrien / Superoxid
rs1801133	MTHFR	Methylierung / Homocystein
